Id,HorseId,Type,Path,Extension,MimeType,UserId,CreatedAt
3,20161407,profile,cpms/images/horses/profile/20161407-1614781366.jpg,jpg,image/jpeg,11,2021-03-03 04:22:46
4,20160879,profile,cpms/images/horses/profile/20160879-1614781452.jpg,jpg,image/jpeg,11,2021-03-03 04:24:12
5,20130704,profile,cpms/images/horses/profile/20130704-1614781490.jpg,jpg,image/jpeg,11,2021-03-03 04:24:50
12,20180875,profile,cpms/images/horses/profile/20180875-1614782030.jpg,jpg,image/jpeg,11,2021-03-03 04:33:51
13,20181029,profile,cpms/images/horses/profile/20181029-1614782062.jpg,jpg,image/jpeg,11,2021-03-03 04:34:22
14,20180239,profile,cpms/images/horses/profile/20180239-1614782091.jpg,jpg,image/jpeg,11,2021-03-03 04:34:51
15,20182713,profile,cpms/images/horses/profile/20182713-1614782125.jpg,jpg,image/jpeg,11,2021-03-03 04:35:25
16,20181009,profile,cpms/images/horses/profile/20181009-1614782160.jpg,jpg,image/jpeg,11,2021-03-03 04:36:01
17,20172093,profile,cpms/images/horses/profile/20172093-1614782208.jpg,jpg,image/jpeg,11,2021-03-03 04:36:49
18,20152875,profile,cpms/images/horses/profile/20152875-1614782248.jpg,jpg,image/jpeg,11,2021-03-03 04:37:28
19,20180204,profile,cpms/images/horses/profile/20180204-1614782282.jpg,jpg,image/jpeg,11,2021-03-03 04:38:03
20,20180335,profile,cpms/images/horses/profile/20180335-1614782314.jpg,jpg,image/jpeg,11,2021-03-03 04:38:35
21,20182511,profile,cpms/images/horses/profile/20182511-1614870379.jpg,jpg,image/jpeg,11,2021-03-04 05:06:20
22,20141547,profile,cpms/images/horses/profile/20141547-1614870417.jpg,jpg,image/jpeg,11,2021-03-04 05:06:57
23,20170579,profile,cpms/images/horses/profile/20170579-1614870456.jpg,jpg,image/jpeg,11,2021-03-04 05:07:36
24,20162646,profile,cpms/images/horses/profile/20162646-1614870508.jpg,jpg,image/jpeg,11,2021-03-04 05:08:28
25,20170786,profile,cpms/images/horses/profile/20170786-1614870567.jpg,jpg,image/jpeg,11,2021-03-04 05:09:28
26,20151525,profile,cpms/images/horses/profile/20151525-1614870638.jpg,jpg,image/jpeg,11,2021-03-04 05:10:39
27,20111730,profile,cpms/images/horses/profile/20111730-1614870679.jpg,jpg,image/jpeg,11,2021-03-04 05:11:20
28,20181832,profile,cpms/images/horses/profile/20181832-1614870715.jpg,jpg,image/jpeg,11,2021-03-04 05:11:56
29,20152562,profile,cpms/images/horses/profile/20152562-1614870853.jpg,jpg,image/jpeg,11,2021-03-04 05:14:13
30,20141158,profile,cpms/images/horses/profile/20141158-1614870899.jpg,jpg,image/jpeg,11,2021-03-04 05:15:00
31,20143607,profile,cpms/images/horses/profile/20143607-1614870933.jpg,jpg,image/jpeg,11,2021-03-04 05:15:34
32,20153509,profile,cpms/images/horses/profile/20153509-1614870987.jpg,jpg,image/jpeg,11,2021-03-04 05:16:27
33,20142519,profile,cpms/images/horses/profile/20142519-1614871021.jpg,jpg,image/jpeg,11,2021-03-04 05:17:01
34,20163012,profile,cpms/images/horses/profile/20163012-1614871055.jpg,jpg,image/jpeg,11,2021-03-04 05:17:36
35,20142973,profile,cpms/images/horses/profile/20142973-1614871086.jpg,jpg,image/jpeg,11,2021-03-04 05:18:07
36,99990227,profile,cpms/images/horses/profile/99990227-1614871130.jpg,jpg,image/jpeg,11,2021-03-04 05:18:50
37,20140106,profile,cpms/images/horses/profile/20140106-1614871216.jpg,jpg,image/jpeg,11,2021-03-04 05:20:17
40,20132879,profile,cpms/images/horses/profile/20132879-1614871321.jpg,jpg,image/jpeg,11,2021-03-04 05:22:02
42,20160839,profile,cpms/images/horses/profile/20160839-1614871495.jpg,jpg,image/jpeg,11,2021-03-04 05:24:56
43,20151510,profile,cpms/images/horses/profile/20151510-1614871528.jpg,jpg,image/jpeg,11,2021-03-04 05:25:28
44,20142473,profile,cpms/images/horses/profile/20142473-1614871558.jpg,jpg,image/jpeg,11,2021-03-04 05:25:58
45,20143036,profile,cpms/images/horses/profile/20143036-1614871587.jpg,jpg,image/jpeg,11,2021-03-04 05:26:27
46,20123636,profile,cpms/images/horses/profile/20123636-1614871673.jpg,jpg,image/jpeg,11,2021-03-04 05:27:54
47,20180926,profile,cpms/images/horses/profile/20180926-1614871727.jpg,jpg,image/jpeg,11,2021-03-04 05:28:48
48,20171001,profile,cpms/images/horses/profile/20171001-1614871792.jpg,jpg,image/jpeg,11,2021-03-04 05:29:53
49,20150295,profile,cpms/images/horses/profile/20150295-1614871832.jpg,jpg,image/jpeg,11,2021-03-04 05:30:32
50,20172811,profile,cpms/images/horses/profile/20172811-1614871860.jpg,jpg,image/jpeg,11,2021-03-04 05:31:00
51,20181852,profile,cpms/images/horses/profile/20181852-1614871898.jpg,jpg,image/jpeg,11,2021-03-04 05:31:39
52,20170099,profile,cpms/images/horses/profile/20170099-1614871936.jpg,jpg,image/jpeg,11,2021-03-04 05:32:17
53,20172775,profile,cpms/images/horses/profile/20172775-1614872044.jpg,jpg,image/jpeg,11,2021-03-04 05:34:05
54,20180193,profile,cpms/images/horses/profile/20180193-1614872082.jpg,jpg,image/jpeg,11,2021-03-04 05:34:43
55,20180077,profile,cpms/images/horses/profile/20180077-1614872149.jpg,jpg,image/jpeg,11,2021-03-04 05:35:49
56,20142615,profile,cpms/images/horses/profile/20142615-1614872459.jpg,jpg,image/jpeg,11,2021-03-04 05:41:00
57,20163027,profile,cpms/images/horses/profile/20163027-1614872504.jpg,jpg,image/jpeg,11,2021-03-04 05:41:45
58,20122437,profile,cpms/images/horses/profile/20122437-1614872541.jpg,jpg,image/jpeg,11,2021-03-04 05:42:21
59,20160213,profile,cpms/images/horses/profile/20160213-1614872571.jpg,jpg,image/jpeg,11,2021-03-04 05:42:52
60,20162762,profile,cpms/images/horses/profile/20162762-1614872716.jpg,jpg,image/jpeg,11,2021-03-04 05:45:17
61,20140853,profile,cpms/images/horses/profile/20140853-1614872778.jpg,jpg,image/jpeg,11,2021-03-04 05:46:18
62,20152835,profile,cpms/images/horses/profile/20152835-1614872820.jpg,jpg,image/jpeg,11,2021-03-04 05:47:01
63,20143056,profile,cpms/images/horses/profile/20143056-1614872872.jpg,jpg,image/jpeg,11,2021-03-04 05:47:52
64,20172806,profile,cpms/images/horses/profile/20172806-1614872944.jpg,jpg,image/jpeg,11,2021-03-04 05:49:04
65,20151707,profile,cpms/images/horses/profile/20151707-1614873097.jpg,jpg,image/jpeg,11,2021-03-04 05:51:37
66,20170195,profile,cpms/images/horses/profile/20170195-1614873138.jpg,jpg,image/jpeg,11,2021-03-04 05:52:18
67,20171076,profile,cpms/images/horses/profile/20171076-1614873171.jpg,jpg,image/jpeg,11,2021-03-04 05:52:51
68,20132359,profile,cpms/images/horses/profile/20132359-1614873202.jpg,jpg,image/jpeg,11,2021-03-04 05:53:23
69,20121410,profile,cpms/images/horses/profile/20121410-1614873237.jpg,jpg,image/jpeg,11,2021-03-04 05:53:57
70,20171203,profile,cpms/images/horses/profile/20171203-1614873633.jpg,jpg,image/jpeg,11,2021-03-04 06:00:34
71,20170251,profile,cpms/images/horses/profile/20170251-1614873660.jpg,jpg,image/jpeg,11,2021-03-04 06:01:00
72,20172684,profile,cpms/images/horses/profile/20172684-1614873689.jpg,jpg,image/jpeg,11,2021-03-04 06:01:30
73,20180966,profile,cpms/images/horses/profile/20180966-1614873721.jpg,jpg,image/jpeg,11,2021-03-04 06:02:02
74,99990096,profile,cpms/images/horses/profile/99990096-1614873760.jpg,jpg,image/jpeg,11,2021-03-04 06:02:41
75,20181296,profile,cpms/images/horses/profile/20181296-1614873806.jpg,jpg,image/jpeg,11,2021-03-04 06:03:27
76,20132253,profile,cpms/images/horses/profile/20132253-1614874076.jpg,jpg,image/jpeg,11,2021-03-04 06:07:56
77,20142877,profile,cpms/images/horses/profile/20142877-1614874102.jpg,jpg,image/jpeg,11,2021-03-04 06:08:23
78,20130931,profile,cpms/images/horses/profile/20130931-1614874134.jpg,jpg,image/jpeg,11,2021-03-04 06:08:55
79,20122306,profile,cpms/images/horses/profile/20122306-1614874164.jpg,jpg,image/jpeg,11,2021-03-04 06:09:25
80,20150588,profile,cpms/images/horses/profile/20150588-1614874198.jpg,jpg,image/jpeg,11,2021-03-04 06:09:59
81,20152360,profile,cpms/images/horses/profile/20152360-1614874227.jpg,jpg,image/jpeg,11,2021-03-04 06:10:28
82,20181665,profile,cpms/images/horses/profile/20181665-1614874458.jpg,jpg,image/jpeg,11,2021-03-04 06:14:19
83,20181478,profile,cpms/images/horses/profile/20181478-1614874506.jpg,jpg,image/jpeg,11,2021-03-04 06:15:07
85,20171672,profile,cpms/images/horses/profile/20171672-1614874572.jpg,jpg,image/jpeg,11,2021-03-04 06:16:12
87,20171632,profile,cpms/images/horses/profile/20171632-1614874659.jpg,jpg,image/jpeg,11,2021-03-04 06:17:40
88,99990221,profile,cpms/images/horses/profile/99990221-1614874975.jpg,jpg,image/jpeg,11,2021-03-04 06:22:55
89,99990225,profile,cpms/images/horses/profile/99990225-1614875030.jpg,jpg,image/jpeg,11,2021-03-04 06:23:50
90,20160819,profile,cpms/images/horses/profile/20160819-1614875816.jpg,jpg,image/jpeg,11,2021-03-04 06:36:57
91,20161174,profile,cpms/images/horses/profile/20161174-1614875857.jpg,jpg,image/jpeg,11,2021-03-04 06:37:38
92,20161316,profile,cpms/images/horses/profile/20161316-1614875918.jpg,jpg,image/jpeg,11,2021-03-04 06:38:39
93,20161149,profile,cpms/images/horses/profile/20161149-1614875967.jpg,jpg,image/jpeg,11,2021-03-04 06:39:28
94,20171490,profile,cpms/images/horses/profile/20171490-1614876013.jpg,jpg,image/jpeg,11,2021-03-04 06:40:14
95,20162742,profile,cpms/images/horses/profile/20162742-1614876067.jpg,jpg,image/jpeg,11,2021-03-04 06:41:08
96,20180108,profile,cpms/images/horses/profile/20180108-1614876108.jpg,jpg,image/jpeg,11,2021-03-04 06:41:49
97,20153307,profile,cpms/images/horses/profile/20153307-1614876147.jpg,jpg,image/jpeg,11,2021-03-04 06:42:28
98,20150119,profile,cpms/images/horses/profile/20150119-1614876171.jpg,jpg,image/jpeg,11,2021-03-04 06:42:51
99,20123898,profile,cpms/images/horses/profile/20123898-1614876243.jpg,jpg,image/jpeg,11,2021-03-04 06:44:04
100,20133250,profile,cpms/images/horses/profile/20133250-1614876274.jpg,jpg,image/jpeg,11,2021-03-04 06:44:34
101,20152406,profile,cpms/images/horses/profile/20152406-1614876301.jpg,jpg,image/jpeg,11,2021-03-04 06:45:01
102,20153221,profile,cpms/images/horses/profile/20153221-1614876324.jpg,jpg,image/jpeg,11,2021-03-04 06:45:25
103,20152259,profile,cpms/images/horses/profile/20152259-1614876354.jpg,jpg,image/jpeg,11,2021-03-04 06:45:55
104,20123656,profile,cpms/images/horses/profile/20123656-1615560820.jpg,jpg,image/jpeg,11,2021-03-12 04:53:41
105,20172159,profile,cpms/images/horses/profile/20172159-1615560845.jpg,jpg,image/jpeg,11,2021-03-12 04:54:06
106,20150942,profile,cpms/images/horses/profile/20150942-1615560874.jpg,jpg,image/jpeg,11,2021-03-12 04:54:35
107,20162782,profile,cpms/images/horses/profile/20162782-1615560898.jpg,jpg,image/jpeg,11,2021-03-12 04:54:58
108,20141976,profile,cpms/images/horses/profile/20141976-1615560922.jpg,jpg,image/jpeg,11,2021-03-12 04:55:22
109,20151156,profile,cpms/images/horses/profile/20151156-1615561046.jpg,jpg,image/jpeg,11,2021-03-12 04:57:27
110,20140297,profile,cpms/images/horses/profile/20140297-1615561108.jpg,jpg,image/jpeg,11,2021-03-12 04:58:28
111,20172306,profile,cpms/images/horses/profile/20172306-1615561153.jpg,jpg,image/jpeg,11,2021-03-12 04:59:13
112,20160637,profile,cpms/images/horses/profile/20160637-1615561177.jpg,jpg,image/jpeg,11,2021-03-12 04:59:38
113,20152411,profile,cpms/images/horses/profile/20152411-1615561201.jpg,jpg,image/jpeg,11,2021-03-12 05:00:02
114,20172386,profile,cpms/images/horses/profile/20172386-1615561226.jpg,jpg,image/jpeg,11,2021-03-12 05:00:26
115,20142317,profile,cpms/images/horses/profile/20142317-1615561331.jpg,jpg,image/jpeg,11,2021-03-12 05:02:11
116,20151141,profile,cpms/images/horses/profile/20151141-1615561378.jpg,jpg,image/jpeg,11,2021-03-12 05:02:59
117,20152951,profile,cpms/images/horses/profile/20152951-1615561407.jpg,jpg,image/jpeg,11,2021-03-12 05:03:28
118,20151898,profile,cpms/images/horses/profile/20151898-1615561430.jpg,jpg,image/jpeg,11,2021-03-12 05:03:50
119,20153089,profile,cpms/images/horses/profile/20153089-1615561460.jpg,jpg,image/jpeg,11,2021-03-12 05:04:21
120,20161518,profile,cpms/images/horses/profile/20161518-1615561484.jpg,jpg,image/jpeg,11,2021-03-12 05:04:45
121,20161285,profile,cpms/images/horses/profile/20161285-1615561508.jpg,jpg,image/jpeg,11,2021-03-12 05:05:09
122,20172700,profile,cpms/images/horses/profile/20172700-1615561537.jpg,jpg,image/jpeg,11,2021-03-12 05:05:37
123,20150826,profile,cpms/images/horses/profile/20150826-1615561577.jpg,jpg,image/jpeg,11,2021-03-12 05:06:18
124,20172442,profile,cpms/images/horses/profile/20172442-1615561601.jpg,jpg,image/jpeg,11,2021-03-12 05:06:42
125,20141310,profile,cpms/images/horses/profile/20141310-1615561625.jpg,jpg,image/jpeg,11,2021-03-12 05:07:06
126,99990072,profile,cpms/images/horses/profile/99990072-1615561952.jpg,jpg,image/jpeg,11,2021-03-12 05:12:32
127,20090278,profile,cpms/images/horses/profile/20090278-1615562009.jpg,jpg,image/jpeg,11,2021-03-12 05:13:30
128,20142908,profile,cpms/images/horses/profile/20142908-1615562058.jpg,jpg,image/jpeg,11,2021-03-12 05:14:18
129,20160117,profile,cpms/images/horses/profile/20160117-1615562096.jpg,jpg,image/jpeg,11,2021-03-12 05:14:56
130,20170428,profile,cpms/images/horses/profile/20170428-1615562134.jpg,jpg,image/jpeg,11,2021-03-12 05:15:35
131,20181423,profile,cpms/images/horses/profile/20181423-1615562185.jpg,jpg,image/jpeg,11,2021-03-12 05:16:25
132,20131034,profile,cpms/images/horses/profile/20131034-1615562234.jpg,jpg,image/jpeg,11,2021-03-12 05:17:14
133,20150886,profile,cpms/images/horses/profile/20150886-1615562293.jpg,jpg,image/jpeg,11,2021-03-12 05:18:13
134,20142428,profile,cpms/images/horses/profile/20142428-1615562391.jpg,jpg,image/jpeg,11,2021-03-12 05:19:51
135,20170377,profile,cpms/images/horses/profile/20170377-1615562442.jpg,jpg,image/jpeg,11,2021-03-12 05:20:43
136,20172942,profile,cpms/images/horses/profile/20172942-1615562520.jpg,jpg,image/jpeg,11,2021-03-12 05:22:01
137,20104091,profile,cpms/images/horses/profile/20104091-1615562549.jpg,jpg,image/jpeg,11,2021-03-12 05:22:29
138,20172199,profile,cpms/images/horses/profile/20172199-1615562580.jpg,jpg,image/jpeg,11,2021-03-12 05:23:01
139,20141390,profile,cpms/images/horses/profile/20141390-1615564035.jpg,jpg,image/jpeg,11,2021-03-12 05:47:16
140,20142231,profile,cpms/images/horses/profile/20142231-1615564127.jpg,jpg,image/jpeg,11,2021-03-12 05:48:47
141,20181847,profile,cpms/images/horses/profile/20181847-1615564208.jpg,jpg,image/jpeg,11,2021-03-12 05:50:08
142,20181701,profile,cpms/images/horses/profile/20181701-1615564274.jpg,jpg,image/jpeg,11,2021-03-12 05:51:15
143,20171450,profile,cpms/images/horses/profile/20171450-1615564314.jpg,jpg,image/jpeg,11,2021-03-12 05:51:54
144,20181918,profile,cpms/images/horses/profile/20181918-1615564356.jpg,jpg,image/jpeg,11,2021-03-12 05:52:37
145,20171283,profile,cpms/images/horses/profile/20171283-1615564403.jpg,jpg,image/jpeg,11,2021-03-12 05:53:23
146,20182384,profile,cpms/images/horses/profile/20182384-1615564434.jpg,jpg,image/jpeg,11,2021-03-12 05:53:55
147,20141254,profile,cpms/images/horses/profile/20141254-1615564464.jpg,jpg,image/jpeg,11,2021-03-12 05:54:24
148,20162999,profile,cpms/images/horses/profile/20162999-1615564493.jpg,jpg,image/jpeg,11,2021-03-12 05:54:54
149,20140035,profile,cpms/images/horses/profile/20140035-1615564771.jpg,jpg,image/jpeg,11,2021-03-12 05:59:32
150,20123318,profile,cpms/images/horses/profile/20123318-1615564805.jpg,jpg,image/jpeg,11,2021-03-12 06:00:05
151,20151136,profile,cpms/images/horses/profile/20151136-1615564835.jpg,jpg,image/jpeg,11,2021-03-12 06:00:36
152,20141714,profile,cpms/images/horses/profile/20141714-1615564860.jpg,jpg,image/jpeg,11,2021-03-12 06:01:01
153,20140919,profile,cpms/images/horses/profile/20140919-1615564890.jpg,jpg,image/jpeg,11,2021-03-12 06:01:30
154,20151732,profile,cpms/images/horses/profile/20151732-1615564963.jpg,jpg,image/jpeg,11,2021-03-12 06:02:44
155,20121758,profile,cpms/images/horses/profile/20121758-1615564998.jpg,jpg,image/jpeg,11,2021-03-12 06:03:19
156,20142206,profile,cpms/images/horses/profile/20142206-1615565034.jpg,jpg,image/jpeg,11,2021-03-12 06:03:55
157,20123489,profile,cpms/images/horses/profile/20123489-1615565402.jpg,jpg,image/jpeg,11,2021-03-12 06:10:03
158,20172533,profile,cpms/images/horses/profile/20172533-1615565429.jpg,jpg,image/jpeg,11,2021-03-12 06:10:30
159,20112060,profile,cpms/images/horses/profile/20112060-1615565458.jpg,jpg,image/jpeg,11,2021-03-12 06:10:58
160,20161750,profile,cpms/images/horses/profile/20161750-1615565486.jpg,jpg,image/jpeg,11,2021-03-12 06:11:27
161,20151616,profile,cpms/images/horses/profile/20151616-1615565539.jpg,jpg,image/jpeg,11,2021-03-12 06:12:20
162,20180840,profile,cpms/images/horses/profile/20180840-1615565569.jpg,jpg,image/jpeg,11,2021-03-12 06:12:50
163,20180860,profile,cpms/images/horses/profile/20180860-1615565622.jpg,jpg,image/jpeg,11,2021-03-12 06:13:42
164,20162257,profile,cpms/images/horses/profile/20162257-1615565654.jpg,jpg,image/jpeg,11,2021-03-12 06:14:14
165,20160713,profile,cpms/images/horses/profile/20160713-1615565711.jpg,jpg,image/jpeg,11,2021-03-12 06:15:12
166,20171910,profile,cpms/images/horses/profile/20171910-1615565742.jpg,jpg,image/jpeg,11,2021-03-12 06:15:43
167,20152153,profile,cpms/images/horses/profile/20152153-1615565772.jpg,jpg,image/jpeg,11,2021-03-12 06:16:13
168,20161987,profile,cpms/images/horses/profile/20161987-1615565803.jpg,jpg,image/jpeg,11,2021-03-12 06:16:43
169,20150533,profile,cpms/images/horses/profile/20150533-1615565832.jpg,jpg,image/jpeg,11,2021-03-12 06:17:13
170,20162111,profile,cpms/images/horses/profile/20162111-1615565869.jpg,jpg,image/jpeg,11,2021-03-12 06:17:49
171,20171849,profile,cpms/images/horses/profile/20171849-1615565934.jpg,jpg,image/jpeg,11,2021-03-12 06:18:55
172,20134075,profile,cpms/images/horses/profile/20134075-1615565965.jpg,jpg,image/jpeg,11,2021-03-12 06:19:26
173,20101292,profile,cpms/images/horses/profile/20101292-1615567085.jpg,jpg,image/jpeg,11,2021-03-12 06:38:05
174,20160440,profile,cpms/images/horses/profile/20160440-1615567126.jpg,jpg,image/jpeg,11,2021-03-12 06:38:46
175,20161947,profile,cpms/images/horses/profile/20161947-1615567157.jpg,jpg,image/jpeg,11,2021-03-12 06:39:18
176,99990255,profile,cpms/images/horses/profile/99990255-1615567209.jpg,jpg,image/jpeg,11,2021-03-12 06:40:10
177,20133078,profile,cpms/images/horses/profile/20133078-1615567237.jpg,jpg,image/jpeg,11,2021-03-12 06:40:37
178,20153069,profile,cpms/images/horses/profile/20153069-1615567271.jpg,jpg,image/jpeg,11,2021-03-12 06:41:11
179,20172346,profile,cpms/images/horses/profile/20172346-1615567311.jpg,jpg,image/jpeg,11,2021-03-12 06:41:52
180,20143309,profile,cpms/images/horses/profile/20143309-1615567343.jpg,jpg,image/jpeg,11,2021-03-12 06:42:23
181,20172619,profile,cpms/images/horses/profile/20172619-1615567379.jpg,jpg,image/jpeg,11,2021-03-12 06:43:00
182,20172366,profile,cpms/images/horses/profile/20172366-1615567453.jpg,jpg,image/jpeg,11,2021-03-12 06:44:13
185,99990053,profile,cpms/images/horses/profile/99990053-1615567523.jpg,jpg,image/jpeg,11,2021-03-12 06:45:23
186,20152471,profile,cpms/images/horses/profile/20152471-1626363731.jpg,jpg,image/jpeg,11,2021-07-15 06:42:12
187,20143849,profile,cpms/images/horses/profile/20143849-1626363778.jpg,jpg,image/jpeg,11,2021-07-15 06:42:58
188,20152279,profile,cpms/images/horses/profile/20152279-1626363850.jpg,jpg,image/jpeg,11,2021-07-15 06:44:11
189,20161790,profile,cpms/images/horses/profile/20161790-1626363887.jpg,jpg,image/jpeg,11,2021-07-15 06:44:47
191,20162308,profile,cpms/images/horses/profile/20162308-1626364228.jpg,jpg,image/jpeg,11,2021-07-15 06:50:29
192,20171627,profile,cpms/images/horses/profile/20171627-1626364289.jpg,jpg,image/jpeg,11,2021-07-15 06:51:30
193,20180128,profile,cpms/images/horses/profile/20180128-1626364336.jpg,jpg,image/jpeg,11,2021-07-15 06:52:17
194,20172417,profile,cpms/images/horses/profile/20172417-1626364477.jpg,jpg,image/jpeg,11,2021-07-15 06:54:38
195,20162126,profile,cpms/images/horses/profile/20162126-1626364521.jpg,jpg,image/jpeg,11,2021-07-15 06:55:22
196,20181978,profile,cpms/images/horses/profile/20181978-1626364560.jpg,jpg,image/jpeg,11,2021-07-15 06:56:01
197,20153034,profile,cpms/images/horses/profile/20153034-1626364601.jpg,jpg,image/jpeg,11,2021-07-15 06:56:41
198,20170908,profile,cpms/images/horses/profile/20170908-1626364694.jpg,jpg,image/jpeg,11,2021-07-15 06:58:14
199,20162282,profile,cpms/images/horses/profile/20162282-1626364728.jpg,jpg,image/jpeg,11,2021-07-15 06:58:49
200,20171758,profile,cpms/images/horses/profile/20171758-1626364765.jpg,jpg,image/jpeg,11,2021-07-15 06:59:26
201,20160268,profile,cpms/images/horses/profile/20160268-1626364831.jpg,jpg,image/jpeg,11,2021-07-15 07:00:31
202,20153605,profile,cpms/images/horses/profile/20153605-1626364865.jpg,jpg,image/jpeg,11,2021-07-15 07:01:06
203,20160142,profile,cpms/images/horses/profile/20160142-1626364912.jpg,jpg,image/jpeg,11,2021-07-15 07:01:52
204,20161583,profile,cpms/images/horses/profile/20161583-1626365052.jpg,jpg,image/jpeg,11,2021-07-15 07:04:13
205,20171369,profile,cpms/images/horses/profile/20171369-1626365119.jpg,jpg,image/jpeg,11,2021-07-15 07:05:20
206,99990049,profile,cpms/images/horses/profile/99990049-1626365278.jpg,jpg,image/jpeg,11,2021-07-15 07:07:59
207,20151858,profile,cpms/images/horses/profile/20151858-1626365493.jpg,jpg,image/jpeg,11,2021-07-15 07:11:34
209,20150780,profile,cpms/images/horses/profile/20150780-1626365651.jpg,jpg,image/jpeg,11,2021-07-15 07:14:12
210,20162717,profile,cpms/images/horses/profile/20162717-1626365781.jpg,jpg,image/jpeg,11,2021-07-15 07:16:22
212,20152148,profile,cpms/images/horses/profile/20152148-1626365957.jpg,jpg,image/jpeg,11,2021-07-15 07:19:18
213,20132051,profile,cpms/images/horses/profile/20132051-1626366042.jpg,jpg,image/jpeg,11,2021-07-15 07:20:42
214,20152582,profile,cpms/images/horses/profile/20152582-1626366066.jpg,jpg,image/jpeg,11,2021-07-15 07:21:07
216,99990325,profile,cpms/images/horses/profile/99990325-1626366238.jpg,jpg,image/jpeg,11,2021-07-15 07:23:59
217,99990318,profile,cpms/images/horses/profile/99990318-1626366275.jpg,jpg,image/jpeg,11,2021-07-15 07:24:36
218,99990329,profile,cpms/images/horses/profile/99990329-1626366365.jpg,jpg,image/jpeg,11,2021-07-15 07:26:06
219,99990328,profile,cpms/images/horses/profile/99990328-1626366425.jpg,jpg,image/jpeg,11,2021-07-15 07:27:06
220,99990356,profile,cpms/images/horses/profile/99990356-1626366489.jpg,jpg,image/jpeg,11,2021-07-15 07:28:10
221,99990238,profile,cpms/images/horses/profile/99990238-1626366563.jpg,jpg,image/jpeg,11,2021-07-15 07:29:23
222,99990191,profile,cpms/images/horses/profile/99990191-1626366603.jpg,jpg,image/jpeg,11,2021-07-15 07:30:04
223,99990342,profile,cpms/images/horses/profile/99990342-1626366639.jpg,jpg,image/jpeg,11,2021-07-15 07:30:39
224,99990322,profile,cpms/images/horses/profile/99990322-1626366706.jpg,jpg,image/jpeg,11,2021-07-15 07:31:46
225,99990319,profile,cpms/images/horses/profile/99990319-1626366792.jpg,jpg,image/jpeg,11,2021-07-15 07:33:13
226,99990343,profile,cpms/images/horses/profile/99990343-1626366835.jpg,jpg,image/jpeg,11,2021-07-15 07:33:56
227,20180471,profile,cpms/images/horses/profile/20180471-1626366868.jpg,jpg,image/jpeg,11,2021-07-15 07:34:29
228,20180562,profile,cpms/images/horses/profile/20180562-1626366913.jpg,jpg,image/jpeg,11,2021-07-15 07:35:14
229,20172139,profile,cpms/images/horses/profile/20172139-1626366951.jpg,jpg,image/jpeg,11,2021-07-15 07:35:51
230,99990190,profile,cpms/images/horses/profile/99990190-1626366997.jpg,jpg,image/jpeg,11,2021-07-15 07:36:37
231,99990327,profile,cpms/images/horses/profile/99990327-1626367051.jpg,jpg,image/jpeg,11,2021-07-15 07:37:31
232,20180764,profile,cpms/images/horses/profile/20180764-1626367097.jpg,jpg,image/jpeg,11,2021-07-15 07:38:17
233,20181241,profile,cpms/images/horses/profile/20181241-1626367201.jpg,jpg,image/jpeg,11,2021-07-15 07:40:02
234,20172593,profile,cpms/images/horses/profile/20172593-1626367259.jpg,jpg,image/jpeg,11,2021-07-15 07:41:00
235,20170973,profile,cpms/images/horses/profile/20170973-1626367297.jpg,jpg,image/jpeg,11,2021-07-15 07:41:38
236,20172215,profile,cpms/images/horses/profile/20172215-1626367365.jpg,jpg,image/jpeg,11,2021-07-15 07:42:45
237,20170599,profile,cpms/images/horses/profile/20170599-1626367404.jpg,jpg,image/jpeg,11,2021-07-15 07:43:25
238,99990357,profile,cpms/images/horses/profile/99990357-1626367449.jpg,jpg,image/jpeg,11,2021-07-15 07:44:09
239,20151318,profile,cpms/images/horses/profile/20151318-1626367500.jpg,jpg,image/jpeg,11,2021-07-15 07:45:00
240,20182248,profile,cpms/images/horses/profile/20182248-1626367562.jpg,jpg,image/jpeg,11,2021-07-15 07:46:02
241,20140368,profile,cpms/images/horses/profile/20140368-1626367618.jpg,jpg,image/jpeg,11,2021-07-15 07:46:58
242,20142559,profile,cpms/images/horses/profile/20142559-1626367679.jpg,jpg,image/jpeg,11,2021-07-15 07:47:59
243,20170615,profile,cpms/images/horses/profile/20170615-1626367725.jpg,jpg,image/jpeg,11,2021-07-15 07:48:45
244,20160324,profile,cpms/images/horses/profile/20160324-1626367767.jpg,jpg,image/jpeg,11,2021-07-15 07:49:27
245,20162353,profile,cpms/images/horses/profile/20162353-1626367816.jpg,jpg,image/jpeg,11,2021-07-15 07:50:17
246,20111210,profile,cpms/images/horses/profile/20111210-1626367868.jpg,jpg,image/jpeg,11,2021-07-15 07:51:08
247,99990230,profile,cpms/images/horses/profile/99990230-1626367917.jpg,jpg,image/jpeg,11,2021-07-15 07:51:57
248,20170397,profile,cpms/images/horses/profile/20170397-1626367940.jpg,jpg,image/jpeg,11,2021-07-15 07:52:21
249,20152799,profile,cpms/images/horses/profile/20152799-1626368072.jpg,jpg,image/jpeg,11,2021-07-15 07:54:32
250,99990378,profile,cpms/images/horses/profile/99990378-1626368168.jpg,jpg,image/jpeg,11,2021-07-15 07:56:08
251,20120059,profile,cpms/images/horses/profile/20120059-1626368220.jpg,jpg,image/jpeg,11,2021-07-15 07:57:01
253,20151818,profile,cpms/images/horses/profile/20151818-1626368314.jpg,jpg,image/jpeg,11,2021-07-15 07:58:34
254,99990377,profile,cpms/images/horses/profile/99990377-1626368378.jpg,jpg,image/jpeg,11,2021-07-15 07:59:39
255,20153125,profile,cpms/images/horses/profile/20153125-1626368435.jpg,jpg,image/jpeg,11,2021-07-15 08:00:35
256,20143516,profile,cpms/images/horses/profile/20143516-1626368487.jpg,jpg,image/jpeg,11,2021-07-15 08:01:27
257,20150679,profile,cpms/images/horses/profile/20150679-1626368555.jpg,jpg,image/jpeg,11,2021-07-15 08:02:36
258,20152880,profile,cpms/images/horses/profile/20152880-1626368655.jpg,jpg,image/jpeg,11,2021-07-15 08:04:15
259,20170802,profile,cpms/images/horses/profile/20170802-1626368767.jpg,jpg,image/jpeg,11,2021-07-15 08:06:08
260,20162555,profile,cpms/images/horses/profile/20162555-1626368801.jpg,jpg,image/jpeg,11,2021-07-15 08:06:42
261,20162444,profile,cpms/images/horses/profile/20162444-1626368843.jpg,jpg,image/jpeg,11,2021-07-15 08:07:24
262,99990426,profile,cpms/images/horses/profile/99990426-1626368933.jpg,jpg,image/jpeg,11,2021-07-15 08:08:53
263,99990226,profile,cpms/images/horses/profile/99990226-1626369007.jpg,jpg,image/jpeg,11,2021-07-15 08:10:08
264,20150508,profile,cpms/images/horses/profile/20150508-1626369072.jpg,jpg,image/jpeg,11,2021-07-15 08:11:12
265,20182011,profile,cpms/images/horses/profile/20182011-1626369126.jpg,jpg,image/jpeg,11,2021-07-15 08:12:06
266,20162171,profile,cpms/images/horses/profile/20162171-1626369223.jpg,jpg,image/jpeg,11,2021-07-15 08:13:43
267,20161396,profile,cpms/images/horses/profile/20161396-1626369259.jpg,jpg,image/jpeg,11,2021-07-15 08:14:20
268,20131392,profile,cpms/images/horses/profile/20131392-1626369343.jpg,jpg,image/jpeg,11,2021-07-15 08:15:44
269,20162146,profile,cpms/images/horses/profile/20162146-1626369371.jpg,jpg,image/jpeg,11,2021-07-15 08:16:11
270,20152219,profile,cpms/images/horses/profile/20152219-1626369415.jpg,jpg,image/jpeg,11,2021-07-15 08:16:56
271,20172902,profile,cpms/images/horses/profile/20172902-1626369564.jpg,jpg,image/jpeg,11,2021-07-15 08:19:24
272,20171329,profile,cpms/images/horses/profile/20171329-1626369591.jpg,jpg,image/jpeg,11,2021-07-15 08:19:51
273,20160915,profile,cpms/images/horses/profile/20160915-1626369639.jpg,jpg,image/jpeg,11,2021-07-15 08:20:40
274,20103034,profile,cpms/images/horses/profile/20103034-1626369668.jpg,jpg,image/jpeg,11,2021-07-15 08:21:09
275,20180340,profile,cpms/images/horses/profile/20180340-1626369797.jpg,jpg,image/jpeg,11,2021-07-15 08:23:17
276,20172124,profile,cpms/images/horses/profile/20172124-1626369820.jpg,jpg,image/jpeg,11,2021-07-15 08:23:40
277,20141638,profile,cpms/images/horses/profile/20141638-1626369843.jpg,jpg,image/jpeg,11,2021-07-15 08:24:04
278,20140222,profile,cpms/images/horses/profile/20140222-1626369884.jpg,jpg,image/jpeg,11,2021-07-15 08:24:45
279,20151656,profile,cpms/images/horses/profile/20151656-1626369909.jpg,jpg,image/jpeg,11,2021-07-15 08:25:09
280,20142453,profile,cpms/images/horses/profile/20142453-1626369935.jpg,jpg,image/jpeg,11,2021-07-15 08:25:36
281,20142620,profile,cpms/images/horses/profile/20142620-1626369960.jpg,jpg,image/jpeg,11,2021-07-15 08:26:01
282,20150715,profile,cpms/images/horses/profile/20150715-1626369983.jpg,jpg,image/jpeg,11,2021-07-15 08:26:23
283,20162919,profile,cpms/images/horses/profile/20162919-1626448380.jpg,jpg,image/jpeg,11,2021-07-16 06:13:01
284,20170357,profile,cpms/images/horses/profile/20170357-1626448408.jpg,jpg,image/jpeg,11,2021-07-16 06:13:29
285,20171425,profile,cpms/images/horses/profile/20171425-1626448431.jpg,jpg,image/jpeg,11,2021-07-16 06:13:52
286,20170226,profile,cpms/images/horses/profile/20170226-1626448455.jpg,jpg,image/jpeg,11,2021-07-16 06:14:15
287,20170246,profile,cpms/images/horses/profile/20170246-1626448479.jpg,jpg,image/jpeg,11,2021-07-16 06:14:40
288,20182526,profile,cpms/images/horses/profile/20182526-1626448515.jpg,jpg,image/jpeg,11,2021-07-16 06:15:16
289,20153549,profile,cpms/images/horses/profile/20153549-1626448825.jpg,jpg,image/jpeg,11,2021-07-16 06:20:26
290,20162671,profile,cpms/images/horses/profile/20162671-1626448856.jpg,jpg,image/jpeg,11,2021-07-16 06:20:57
291,20120175,profile,cpms/images/horses/profile/20120175-1626448884.jpg,jpg,image/jpeg,11,2021-07-16 06:21:25
292,20170953,profile,cpms/images/horses/profile/20170953-1626448918.jpg,jpg,image/jpeg,11,2021-07-16 06:21:59
293,20172326,profile,cpms/images/horses/profile/20172326-1626448954.jpg,jpg,image/jpeg,11,2021-07-16 06:22:34
294,20181943,profile,cpms/images/horses/profile/20181943-1626448978.jpg,jpg,image/jpeg,11,2021-07-16 06:22:59
295,99990391,profile,cpms/images/horses/profile/99990391-1626449539.jpg,jpg,image/jpeg,11,2021-07-16 06:32:20
296,99990301,profile,cpms/images/horses/profile/99990301-1626449577.jpg,jpg,image/jpeg,11,2021-07-16 06:32:57
297,20160197,profile,cpms/images/horses/profile/20160197-1626449613.jpg,jpg,image/jpeg,11,2021-07-16 06:33:34
298,20160182,profile,cpms/images/horses/profile/20160182-1626449655.jpg,jpg,image/jpeg,11,2021-07-16 06:34:15
299,20182864,profile,cpms/images/horses/profile/20182864-1626449687.jpg,jpg,image/jpeg,11,2021-07-16 06:34:48
300,99990257,profile,cpms/images/horses/profile/99990257-1626449762.jpg,jpg,image/jpeg,11,2021-07-16 06:36:03
301,99990236,profile,cpms/images/horses/profile/99990236-1626449795.jpg,jpg,image/jpeg,11,2021-07-16 06:36:36
302,99990304,profile,cpms/images/horses/profile/99990304-1626449850.jpg,jpg,image/jpeg,11,2021-07-16 06:37:30
303,20172513,profile,cpms/images/horses/profile/20172513-1626449897.jpg,jpg,image/jpeg,11,2021-07-16 06:38:18
304,99990299,profile,cpms/images/horses/profile/99990299-1626449939.jpg,jpg,image/jpeg,11,2021-07-16 06:38:59
305,20182117,profile,cpms/images/horses/profile/20182117-1626449993.jpg,jpg,image/jpeg,11,2021-07-16 06:39:54
306,20170706,profile,cpms/images/horses/profile/20170706-1626450027.jpg,jpg,image/jpeg,11,2021-07-16 06:40:28
307,20171894,profile,cpms/images/horses/profile/20171894-1626450105.jpg,jpg,image/jpeg,11,2021-07-16 06:41:46
308,20160384,profile,cpms/images/horses/profile/20160384-1626450147.jpg,jpg,image/jpeg,11,2021-07-16 06:42:28
309,20181923,profile,cpms/images/horses/profile/20181923-1626450181.jpg,jpg,image/jpeg,11,2021-07-16 06:43:02
310,20181998,profile,cpms/images/horses/profile/20181998-1626450216.jpg,jpg,image/jpeg,11,2021-07-16 06:43:37
311,20170766,profile,cpms/images/horses/profile/20170766-1626450246.jpg,jpg,image/jpeg,11,2021-07-16 06:44:06
312,99990392,profile,cpms/images/horses/profile/99990392-1626450443.jpg,jpg,image/jpeg,11,2021-07-16 06:47:24
313,99990393,profile,cpms/images/horses/profile/99990393-1626450514.jpg,jpg,image/jpeg,11,2021-07-16 06:48:35
314,99990394,profile,cpms/images/horses/profile/99990394-1626450551.jpg,jpg,image/jpeg,11,2021-07-16 06:49:12
315,99990427,profile,cpms/images/horses/profile/99990427-1626450629.jpg,jpg,image/jpeg,11,2021-07-16 06:50:30
316,99990395,profile,cpms/images/horses/profile/99990395-1626450687.jpg,jpg,image/jpeg,11,2021-07-16 06:51:27
317,20112873,profile,cpms/images/horses/profile/20112873-1626450835.jpg,jpg,image/jpeg,11,2021-07-16 06:53:56
319,99990362,profile,cpms/images/horses/profile/99990362-1626450930.jpg,jpg,image/jpeg,11,2021-07-16 06:55:31
320,20181307,profile,cpms/images/horses/profile/20181307-1626450954.jpg,jpg,image/jpeg,11,2021-07-16 06:55:55
321,20182046,profile,cpms/images/horses/profile/20182046-1626450986.jpg,jpg,image/jpeg,11,2021-07-16 06:56:26
322,20161134,profile,cpms/images/horses/profile/20161134-1626451029.jpg,jpg,image/jpeg,11,2021-07-16 06:57:09
323,20181170,profile,cpms/images/horses/profile/20181170-1626451067.jpg,jpg,image/jpeg,11,2021-07-16 06:57:48
324,99990197,profile,cpms/images/horses/profile/99990197-1626451092.jpg,jpg,image/jpeg,11,2021-07-16 06:58:13
325,99990396,profile,cpms/images/horses/profile/99990396-1626451223.jpg,jpg,image/jpeg,11,2021-07-16 07:00:24
326,20181872,profile,cpms/images/horses/profile/20181872-1626451252.jpg,jpg,image/jpeg,11,2021-07-16 07:00:52
327,20161058,profile,cpms/images/horses/profile/20161058-1626712928.jpg,jpg,image/jpeg,11,2021-07-19 07:42:09
328,20160768,profile,cpms/images/horses/profile/20160768-1626712952.jpg,jpg,image/jpeg,11,2021-07-19 07:42:33
329,20140888,profile,cpms/images/horses/profile/20140888-1626712985.jpg,jpg,image/jpeg,11,2021-07-19 07:43:06
331,20161412,profile,cpms/images/horses/profile/20161412-1626713045.jpg,jpg,image/jpeg,11,2021-07-19 07:44:06
332,20142291,profile,cpms/images/horses/profile/20142291-1626713063.jpg,jpg,image/jpeg,11,2021-07-19 07:44:24
333,20140424,profile,cpms/images/horses/profile/20140424-1626713084.jpg,jpg,image/jpeg,11,2021-07-19 07:44:44
334,20160899,profile,cpms/images/horses/profile/20160899-1626713111.jpg,jpg,image/jpeg,11,2021-07-19 07:45:12
335,20151090,profile,cpms/images/horses/profile/20151090-1626713136.jpg,jpg,image/jpeg,11,2021-07-19 07:45:36
336,20120317,profile,cpms/images/horses/profile/20120317-1626713159.jpg,jpg,image/jpeg,11,2021-07-19 07:45:59
337,20150235,profile,cpms/images/horses/profile/20150235-1626713184.jpg,jpg,image/jpeg,11,2021-07-19 07:46:24
338,20160304,profile,cpms/images/horses/profile/20160304-1626713208.jpg,jpg,image/jpeg,11,2021-07-19 07:46:48
339,20170079,profile,cpms/images/horses/profile/20170079-1626713293.jpg,jpg,image/jpeg,11,2021-07-19 07:48:14
340,20171667,profile,cpms/images/horses/profile/20171667-1626713338.jpg,jpg,image/jpeg,11,2021-07-19 07:48:59
341,20172664,profile,cpms/images/horses/profile/20172664-1626713671.jpg,jpg,image/jpeg,11,2021-07-19 07:54:31
342,20170726,profile,cpms/images/horses/profile/20170726-1626713809.jpg,jpg,image/jpeg,11,2021-07-19 07:56:49
343,20132177,profile,cpms/images/horses/profile/20132177-1626713846.jpg,jpg,image/jpeg,11,2021-07-19 07:57:27
344,20183134,profile,cpms/images/horses/profile/20183134-1626714030.jpg,jpg,image/jpeg,11,2021-07-19 08:00:31
345,20161634,profile,cpms/images/horses/profile/20161634-1626714102.jpg,jpg,image/jpeg,11,2021-07-19 08:01:42
346,20172715,profile,cpms/images/horses/profile/20172715-1626714176.jpg,jpg,image/jpeg,11,2021-07-19 08:02:57
347,20172275,profile,cpms/images/horses/profile/20172275-1626714255.jpg,jpg,image/jpeg,11,2021-07-19 08:04:15
348,20171869,profile,cpms/images/horses/profile/20171869-1626714289.jpg,jpg,image/jpeg,11,2021-07-19 08:04:50
349,20171703,profile,cpms/images/horses/profile/20171703-1626714320.jpg,jpg,image/jpeg,11,2021-07-19 08:05:20
350,20161250,profile,cpms/images/horses/profile/20161250-1626714346.jpg,jpg,image/jpeg,11,2021-07-19 08:05:46
352,20170291,profile,cpms/images/horses/profile/20170291-1626714512.jpg,jpg,image/jpeg,11,2021-07-19 08:08:32
353,20163143,profile,cpms/images/horses/profile/20163143-1626714543.jpg,jpg,image/jpeg,11,2021-07-19 08:09:03
354,20161270,profile,cpms/images/horses/profile/20161270-1626714601.jpg,jpg,image/jpeg,11,2021-07-19 08:10:01
355,20150568,profile,cpms/images/horses/profile/20150568-1626714646.jpg,jpg,image/jpeg,11,2021-07-19 08:10:47
356,20162904,profile,cpms/images/horses/profile/20162904-1626795295.jpg,jpg,image/jpeg,11,2021-07-20 06:34:56
357,20142211,profile,cpms/images/horses/profile/20142211-1626795324.jpg,jpg,image/jpeg,11,2021-07-20 06:35:25
358,20162868,profile,cpms/images/horses/profile/20162868-1626795411.jpg,jpg,image/jpeg,11,2021-07-20 06:36:52
359,20181256,profile,cpms/images/horses/profile/20181256-1626795433.jpg,jpg,image/jpeg,11,2021-07-20 06:37:14
360,20162959,profile,cpms/images/horses/profile/20162959-1626795459.jpg,jpg,image/jpeg,11,2021-07-20 06:37:40
361,99990112,profile,cpms/images/horses/profile/99990112-1626795495.jpg,jpg,image/jpeg,11,2021-07-20 06:38:16
362,20181509,profile,cpms/images/horses/profile/20181509-1626795522.jpg,jpg,image/jpeg,11,2021-07-20 06:38:43
363,201703,profile,cpms/images/horses/profile/201703-1626795551.jpg,jpg,image/jpeg,11,2021-07-20 06:39:12
364,20132622,profile,cpms/images/horses/profile/20132622-1626795587.jpg,jpg,image/jpeg,11,2021-07-20 06:39:47
365,20151934,profile,cpms/images/horses/profile/20151934-1626795608.jpg,jpg,image/jpeg,11,2021-07-20 06:40:09
366,20152451,profile,cpms/images/horses/profile/20152451-1626795632.jpg,jpg,image/jpeg,11,2021-07-20 06:40:33
367,20162459,profile,cpms/images/horses/profile/20162459-1626795711.jpg,jpg,image/jpeg,11,2021-07-20 06:41:52
368,20171485,profile,cpms/images/horses/profile/20171485-1626795747.jpg,jpg,image/jpeg,11,2021-07-20 06:42:27
369,20143576,profile,cpms/images/horses/profile/20143576-1626795769.jpg,jpg,image/jpeg,11,2021-07-20 06:42:50
370,20170928,profile,cpms/images/horses/profile/20170928-1626795809.jpg,jpg,image/jpeg,11,2021-07-20 06:43:29
371,20180784,profile,cpms/images/horses/profile/20180784-1626795899.jpg,jpg,image/jpeg,11,2021-07-20 06:45:00
372,20172437,profile,cpms/images/horses/profile/20172437-1626795926.jpg,jpg,image/jpeg,11,2021-07-20 06:45:27
373,20141552,profile,cpms/images/horses/profile/20141552-1626796004.jpg,jpg,image/jpeg,11,2021-07-20 06:46:44
374,20110622,profile,cpms/images/horses/profile/20110622-1626796031.jpg,jpg,image/jpeg,11,2021-07-20 06:47:12
375,20120019,profile,cpms/images/horses/profile/20120019-1626796067.jpg,jpg,image/jpeg,11,2021-07-20 06:47:47
376,99990330,profile,cpms/images/horses/profile/99990330-1626796310.jpg,jpg,image/jpeg,11,2021-07-20 06:51:51
377,99990332,profile,cpms/images/horses/profile/99990332-1626796338.jpg,jpg,image/jpeg,11,2021-07-20 06:52:18
378,20171501,profile,cpms/images/horses/profile/20171501-1626796361.jpg,jpg,image/jpeg,11,2021-07-20 06:52:42
379,20151949,profile,cpms/images/horses/profile/20151949-1626796457.jpg,jpg,image/jpeg,11,2021-07-20 06:54:17
380,20151065,profile,cpms/images/horses/profile/20151065-1626796497.jpg,jpg,image/jpeg,11,2021-07-20 06:54:58
381,20151338,profile,cpms/images/horses/profile/20151338-1626796519.jpg,jpg,image/jpeg,11,2021-07-20 06:55:20
382,20152108,profile,cpms/images/horses/profile/20152108-1626796572.jpg,jpg,image/jpeg,11,2021-07-20 06:56:13
383,20162702,profile,cpms/images/horses/profile/20162702-1626796615.jpg,jpg,image/jpeg,11,2021-07-20 06:56:55
384,20160662,profile,cpms/images/horses/profile/20160662-1626796643.jpg,jpg,image/jpeg,11,2021-07-20 06:57:23
386,20182182,profile,cpms/images/horses/profile/20182182-1626796679.jpg,jpg,image/jpeg,11,2021-07-20 06:57:59
387,20143152,profile,cpms/images/horses/profile/20143152-1626796714.jpg,jpg,image/jpeg,11,2021-07-20 06:58:34
388,20120135,profile,cpms/images/horses/profile/20120135-1626796740.jpg,jpg,image/jpeg,11,2021-07-20 06:59:01
389,20162540,profile,cpms/images/horses/profile/20162540-1626796763.jpg,jpg,image/jpeg,11,2021-07-20 06:59:24
390,20122215,profile,cpms/images/horses/profile/20122215-1626796784.jpg,jpg,image/jpeg,11,2021-07-20 06:59:45
392,20161361,profile,cpms/images/horses/profile/20161361-1626796905.jpg,jpg,image/jpeg,11,2021-07-20 07:01:45
393,20171127,profile,cpms/images/horses/profile/20171127-1626797014.jpg,jpg,image/jpeg,11,2021-07-20 07:03:35
394,20131903,profile,cpms/images/horses/profile/20131903-1626797056.jpg,jpg,image/jpeg,11,2021-07-20 07:04:17
395,20171192,profile,cpms/images/horses/profile/20171192-1626797119.jpg,jpg,image/jpeg,11,2021-07-20 07:05:19
397,20141456,profile,cpms/images/horses/profile/20141456-1626797256.jpg,jpg,image/jpeg,11,2021-07-20 07:07:36
398,20182268,profile,cpms/images/horses/profile/20182268-1626797284.jpg,jpg,image/jpeg,11,2021-07-20 07:08:05
399,20132804,profile,cpms/images/horses/profile/20132804-1626797311.jpg,jpg,image/jpeg,11,2021-07-20 07:08:31
400,20162393,profile,cpms/images/horses/profile/20162393-1626797354.jpg,jpg,image/jpeg,11,2021-07-20 07:09:15
401,20170897,profile,cpms/images/horses/profile/20170897-1626797385.jpg,jpg,image/jpeg,11,2021-07-20 07:09:46
402,20162737,profile,cpms/images/horses/profile/20162737-1626797418.jpg,jpg,image/jpeg,11,2021-07-20 07:10:19
403,20152946,profile,cpms/images/horses/profile/20152946-1626797445.jpg,jpg,image/jpeg,11,2021-07-20 07:10:45
404,20171172,profile,cpms/images/horses/profile/20171172-1626797488.jpg,jpg,image/jpeg,11,2021-07-20 07:11:29
405,99990424,profile,cpms/images/horses/profile/99990424-1626797524.jpg,jpg,image/jpeg,11,2021-07-20 07:12:04
406,20171218,profile,cpms/images/horses/profile/20171218-1626797730.jpg,jpg,image/jpeg,11,2021-07-20 07:15:31
407,20151116,profile,cpms/images/horses/profile/20151116-1626797938.jpg,jpg,image/jpeg,11,2021-07-20 07:18:58
408,20121192,profile,cpms/images/horses/profile/20121192-1626797968.jpg,jpg,image/jpeg,11,2021-07-20 07:19:29
409,20170539,profile,cpms/images/horses/profile/20170539-1626797998.jpg,jpg,image/jpeg,11,2021-07-20 07:19:59
410,99990127,profile,cpms/images/horses/profile/99990127-1626798024.jpg,jpg,image/jpeg,11,2021-07-20 07:20:24
411,20150457,profile,cpms/images/horses/profile/20150457-1626798064.jpg,jpg,image/jpeg,11,2021-07-20 07:21:05
412,20161432,profile,cpms/images/horses/profile/20161432-1626798094.jpg,jpg,image/jpeg,11,2021-07-20 07:21:35
413,20162373,profile,cpms/images/horses/profile/20162373-1626798124.jpg,jpg,image/jpeg,11,2021-07-20 07:22:04
414,20170731,profile,cpms/images/horses/profile/20170731-1626798150.jpg,jpg,image/jpeg,11,2021-07-20 07:22:30
415,20172164,profile,cpms/images/horses/profile/20172164-1626798185.jpg,jpg,image/jpeg,11,2021-07-20 07:23:06
416,20172886,profile,cpms/images/horses/profile/20172886-1626798213.jpg,jpg,image/jpeg,11,2021-07-20 07:23:34
417,20161114,profile,cpms/images/horses/profile/20161114-1626798252.jpg,jpg,image/jpeg,11,2021-07-20 07:24:13
418,20162015,profile,cpms/images/horses/profile/20162015-1626798276.jpg,jpg,image/jpeg,11,2021-07-20 07:24:37
419,20170286,profile,cpms/images/horses/profile/20170286-1626798309.jpg,jpg,image/jpeg,11,2021-07-20 07:25:10
420,20170559,profile,cpms/images/horses/profile/20170559-1626798343.jpg,jpg,image/jpeg,11,2021-07-20 07:25:43
421,20150528,profile,cpms/images/horses/profile/20150528-1626798380.jpg,jpg,image/jpeg,11,2021-07-20 07:26:20
422,20170635,profile,cpms/images/horses/profile/20170635-1626798484.jpg,jpg,image/jpeg,11,2021-07-20 07:28:05
423,20162151,profile,cpms/images/horses/profile/20162151-1626798516.jpg,jpg,image/jpeg,11,2021-07-20 07:28:36
424,20181685,profile,cpms/images/horses/profile/20181685-1626798565.jpg,jpg,image/jpeg,11,2021-07-20 07:29:26
425,20161245,profile,cpms/images/horses/profile/20161245-1626798645.jpg,jpg,image/jpeg,11,2021-07-20 07:30:46
426,20180906,profile,cpms/images/horses/profile/20180906-1626801390.jpg,jpg,image/jpeg,11,2021-07-20 08:16:30
427,20180835,profile,cpms/images/horses/profile/20180835-1626801435.jpg,jpg,image/jpeg,11,2021-07-20 08:17:15
428,20172255,profile,cpms/images/horses/profile/20172255-1626801461.jpg,jpg,image/jpeg,11,2021-07-20 08:17:42
429,20182733,profile,cpms/images/horses/profile/20182733-1626801489.jpg,jpg,image/jpeg,11,2021-07-20 08:18:10
430,20182859,profile,cpms/images/horses/profile/20182859-1626801543.jpg,jpg,image/jpeg,11,2021-07-20 08:19:03
431,20172831,profile,cpms/images/horses/profile/20172831-1626801569.jpg,jpg,image/jpeg,11,2021-07-20 08:19:29
432,20180648,profile,cpms/images/horses/profile/20180648-1626801606.jpg,jpg,image/jpeg,11,2021-07-20 08:20:06
433,20180688,profile,cpms/images/horses/profile/20180688-1626801658.jpg,jpg,image/jpeg,11,2021-07-20 08:20:58
434,20172240,profile,cpms/images/horses/profile/20172240-1626801721.jpg,jpg,image/jpeg,11,2021-07-20 08:22:02
435,20151474,profile,cpms/images/horses/profile/20151474-1626801748.jpg,jpg,image/jpeg,11,2021-07-20 08:22:28
436,20181529,profile,cpms/images/horses/profile/20181529-1626801776.jpg,jpg,image/jpeg,11,2021-07-20 08:22:57
437,20182440,profile,cpms/images/horses/profile/20182440-1626801817.jpg,jpg,image/jpeg,11,2021-07-20 08:23:38
438,20180426,profile,cpms/images/horses/profile/20180426-1626801865.jpg,jpg,image/jpeg,11,2021-07-20 08:24:25
439,20161654,profile,cpms/images/horses/profile/20161654-1626801892.jpg,jpg,image/jpeg,11,2021-07-20 08:24:53
440,20171889,profile,cpms/images/horses/profile/20171889-1626801921.jpg,jpg,image/jpeg,11,2021-07-20 08:25:22
441,20171061,profile,cpms/images/horses/profile/20171061-1626801947.jpg,jpg,image/jpeg,11,2021-07-20 08:25:48
442,20161907,profile,cpms/images/horses/profile/20161907-1626801969.jpg,jpg,image/jpeg,11,2021-07-20 08:26:09
443,20172179,profile,cpms/images/horses/profile/20172179-1626802013.jpg,jpg,image/jpeg,11,2021-07-20 08:26:53
444,20161447,profile,cpms/images/horses/profile/20161447-1626802039.jpg,jpg,image/jpeg,11,2021-07-20 08:27:19
445,20151787,profile,cpms/images/horses/profile/20151787-1626802078.jpg,jpg,image/jpeg,11,2021-07-20 08:27:58
446,99990219,profile,cpms/images/horses/profile/99990219-1626802165.jpg,jpg,image/jpeg,11,2021-07-20 08:29:26
447,99990336,profile,cpms/images/horses/profile/99990336-1626802188.jpg,jpg,image/jpeg,11,2021-07-20 08:29:49
448,20172851,profile,cpms/images/horses/profile/20172851-1626802217.jpg,jpg,image/jpeg,11,2021-07-20 08:30:18
449,20181221,profile,cpms/images/horses/profile/20181221-1626882302.jpg,jpg,image/jpeg,11,2021-07-21 06:45:03
450,20162277,profile,cpms/images/horses/profile/20162277-1626882351.jpg,jpg,image/jpeg,11,2021-07-21 06:45:52
451,20150851,profile,cpms/images/horses/profile/20150851-1626882401.jpg,jpg,image/jpeg,11,2021-07-21 06:46:41
452,20171041,profile,cpms/images/horses/profile/20171041-1626882452.jpg,jpg,image/jpeg,11,2021-07-21 06:47:32
453,20171238,profile,cpms/images/horses/profile/20171238-1626882504.jpg,jpg,image/jpeg,11,2021-07-21 06:48:25
454,20182788,profile,cpms/images/horses/profile/20182788-1626882903.jpg,jpg,image/jpeg,11,2021-07-21 06:55:04
455,20180522,profile,cpms/images/horses/profile/20180522-1626882935.jpg,jpg,image/jpeg,11,2021-07-21 06:55:35
456,20161730,profile,cpms/images/horses/profile/20161730-1626883182.jpg,jpg,image/jpeg,11,2021-07-21 06:59:43
458,20160844,profile,cpms/images/horses/profile/20160844-1626883284.jpg,jpg,image/jpeg,11,2021-07-21 07:01:25
459,20171985,profile,cpms/images/horses/profile/20171985-1626883334.jpg,jpg,image/jpeg,11,2021-07-21 07:02:15
460,20161967,profile,cpms/images/horses/profile/20161967-1626883367.jpg,jpg,image/jpeg,11,2021-07-21 07:02:48
461,20161003,profile,cpms/images/horses/profile/20161003-1626883581.jpg,jpg,image/jpeg,11,2021-07-21 07:06:22
462,20182804,profile,cpms/images/horses/profile/20182804-1626883795.jpg,jpg,image/jpeg,11,2021-07-21 07:09:56
463,20182455,profile,cpms/images/horses/profile/20182455-1626883932.jpg,jpg,image/jpeg,11,2021-07-21 07:12:13
464,99990341,profile,cpms/images/horses/profile/99990341-1626883955.jpg,jpg,image/jpeg,11,2021-07-21 07:12:36
465,20143218,profile,cpms/images/horses/profile/20143218-1626883981.jpg,jpg,image/jpeg,11,2021-07-21 07:13:02
466,20140777,profile,cpms/images/horses/profile/20140777-1626884019.jpg,jpg,image/jpeg,11,2021-07-21 07:13:39
467,99990063,profile,cpms/images/horses/profile/99990063-1626884079.jpg,jpg,image/jpeg,11,2021-07-21 07:14:40
468,20151267,profile,cpms/images/horses/profile/20151267-1626884118.jpg,jpg,image/jpeg,11,2021-07-21 07:15:18
469,20181776,profile,cpms/images/horses/profile/20181776-1626884159.jpg,jpg,image/jpeg,11,2021-07-21 07:15:59
470,20171809,profile,cpms/images/horses/profile/20171809-1626884190.jpg,jpg,image/jpeg,11,2021-07-21 07:16:31
471,20152597,profile,cpms/images/horses/profile/20152597-1626884235.jpg,jpg,image/jpeg,11,2021-07-21 07:17:16
472,20180719,profile,cpms/images/horses/profile/20180719-1626884274.jpg,jpg,image/jpeg,11,2021-07-21 07:17:54
473,20152971,profile,cpms/images/horses/profile/20152971-1626884413.jpg,jpg,image/jpeg,11,2021-07-21 07:20:14
474,20120953,profile,cpms/images/horses/profile/20120953-1626884436.jpg,jpg,image/jpeg,11,2021-07-21 07:20:37
475,20142099,profile,cpms/images/horses/profile/20142099-1626884484.jpg,jpg,image/jpeg,11,2021-07-21 07:21:25
476,99990400,profile,cpms/images/horses/profile/99990400-1626884514.jpg,jpg,image/jpeg,11,2021-07-21 07:21:55
477,20171278,profile,cpms/images/horses/profile/20171278-1626884624.jpg,jpg,image/jpeg,11,2021-07-21 07:23:45
478,20162217,profile,cpms/images/horses/profile/20162217-1626884651.jpg,jpg,image/jpeg,11,2021-07-21 07:24:11
479,20162515,profile,cpms/images/horses/profile/20162515-1626884679.jpg,jpg,image/jpeg,11,2021-07-21 07:24:39
480,20160288,profile,cpms/images/horses/profile/20160288-1626884704.jpg,jpg,image/jpeg,11,2021-07-21 07:25:05
481,20152517,profile,cpms/images/horses/profile/20152517-1626884758.jpg,jpg,image/jpeg,11,2021-07-21 07:25:58
482,20172048,profile,cpms/images/horses/profile/20172048-1626884783.jpg,jpg,image/jpeg,11,2021-07-21 07:26:23
483,99990423,profile,cpms/images/horses/profile/99990423-1626884807.jpg,jpg,image/jpeg,11,2021-07-21 07:26:48
484,20172220,profile,cpms/images/horses/profile/20172220-1626884831.jpg,jpg,image/jpeg,11,2021-07-21 07:27:11
485,20150760,profile,cpms/images/horses/profile/20150760-1626885007.jpg,jpg,image/jpeg,11,2021-07-21 07:30:08
486,99990261,profile,cpms/images/horses/profile/99990261-1626885035.jpg,jpg,image/jpeg,11,2021-07-21 07:30:35
487,20162595,profile,cpms/images/horses/profile/20162595-1626885064.jpg,jpg,image/jpeg,11,2021-07-21 07:31:04
488,20160157,profile,cpms/images/horses/profile/20160157-1626885095.jpg,jpg,image/jpeg,11,2021-07-21 07:31:36
489,20152991,profile,cpms/images/horses/profile/20152991-1626885122.jpg,jpg,image/jpeg,11,2021-07-21 07:32:03
490,20170968,profile,cpms/images/horses/profile/20170968-1626885155.jpg,jpg,image/jpeg,11,2021-07-21 07:32:36
491,20162388,profile,cpms/images/horses/profile/20162388-1626885228.jpg,jpg,image/jpeg,11,2021-07-21 07:33:49
492,20170882,profile,cpms/images/horses/profile/20170882-1626885260.jpg,jpg,image/jpeg,11,2021-07-21 07:34:20
493,20160137,profile,cpms/images/horses/profile/20160137-1626885312.jpg,jpg,image/jpeg,11,2021-07-21 07:35:13
494,20151883,profile,cpms/images/horses/profile/20151883-1626885356.jpg,jpg,image/jpeg,11,2021-07-21 07:35:57
495,99990421,profile,cpms/images/horses/profile/99990421-1626885391.jpg,jpg,image/jpeg,11,2021-07-21 07:36:32
496,99990422,profile,cpms/images/horses/profile/99990422-1626885424.jpg,jpg,image/jpeg,11,2021-07-21 07:37:05
497,20170317,profile,cpms/images/horses/profile/20170317-1626885468.jpg,jpg,image/jpeg,11,2021-07-21 07:37:49
498,99990402,profile,cpms/images/horses/profile/99990402-1626885569.jpg,jpg,image/jpeg,11,2021-07-21 07:39:29
499,20170751,profile,cpms/images/horses/profile/20170751-1626885602.jpg,jpg,image/jpeg,11,2021-07-21 07:40:03
500,20180991,profile,cpms/images/horses/profile/20180991-1626885639.jpg,jpg,image/jpeg,11,2021-07-21 07:40:39
501,20151358,profile,cpms/images/horses/profile/20151358-1626885679.jpg,jpg,image/jpeg,11,2021-07-21 07:41:19
502,20150371,profile,cpms/images/horses/profile/20150371-1626885715.jpg,jpg,image/jpeg,11,2021-07-21 07:41:56
503,20143314,profile,cpms/images/horses/profile/20143314-1626885832.jpg,jpg,image/jpeg,11,2021-07-21 07:43:52
504,20171798,profile,cpms/images/horses/profile/20171798-1627056594.jpg,jpg,image/jpeg,11,2021-07-23 07:09:54
505,20150593,profile,cpms/images/horses/profile/20150593-1627056618.jpg,jpg,image/jpeg,11,2021-07-23 07:10:18
506,20171389,profile,cpms/images/horses/profile/20171389-1627056645.jpg,jpg,image/jpeg,11,2021-07-23 07:10:46
507,20160319,profile,cpms/images/horses/profile/20160319-1627056702.jpg,jpg,image/jpeg,11,2021-07-23 07:11:42
508,20172962,profile,cpms/images/horses/profile/20172962-1627056782.jpg,jpg,image/jpeg,11,2021-07-23 07:13:03
509,20181372,profile,cpms/images/horses/profile/20181372-1627056829.jpg,jpg,image/jpeg,11,2021-07-23 07:13:49
510,20150699,profile,cpms/images/horses/profile/20150699-1627056855.jpg,jpg,image/jpeg,11,2021-07-23 07:14:16
511,20171723,profile,cpms/images/horses/profile/20171723-1627057257.jpg,jpg,image/jpeg,11,2021-07-23 07:20:58
512,20162242,profile,cpms/images/horses/profile/20162242-1627057279.jpg,jpg,image/jpeg,11,2021-07-23 07:21:20
513,20181605,profile,cpms/images/horses/profile/20181605-1627057312.jpg,jpg,image/jpeg,11,2021-07-23 07:21:52
515,20171834,profile,cpms/images/horses/profile/20171834-1627057416.jpg,jpg,image/jpeg,11,2021-07-23 07:23:36
516,20142433,profile,cpms/images/horses/profile/20142433-1627057482.jpg,jpg,image/jpeg,11,2021-07-23 07:24:42
517,20142504,profile,cpms/images/horses/profile/20142504-1627057520.jpg,jpg,image/jpeg,11,2021-07-23 07:25:21
518,20122346,profile,cpms/images/horses/profile/20122346-1627057888.jpg,jpg,image/jpeg,11,2021-07-23 07:31:29
520,20151909,profile,cpms/images/horses/profile/20151909-1627057950.jpg,jpg,image/jpeg,11,2021-07-23 07:32:31
521,20181438,profile,cpms/images/horses/profile/20181438-1627057990.jpg,jpg,image/jpeg,11,2021-07-23 07:33:11
522,20142493,profile,cpms/images/horses/profile/20142493-1627058400.jpg,jpg,image/jpeg,11,2021-07-23 07:40:01
523,20171687,profile,cpms/images/horses/profile/20171687-1627058484.jpg,jpg,image/jpeg,11,2021-07-23 07:41:24
524,20160071,profile,cpms/images/horses/profile/20160071-1627058504.jpg,jpg,image/jpeg,11,2021-07-23 07:41:44
525,20081893,profile,cpms/images/horses/profile/20081893-1627058527.jpg,jpg,image/jpeg,11,2021-07-23 07:42:07
526,99990369,profile,cpms/images/horses/profile/99990369-1627058563.jpg,jpg,image/jpeg,11,2021-07-23 07:42:44
527,20180724,profile,cpms/images/horses/profile/20180724-1627058627.jpg,jpg,image/jpeg,11,2021-07-23 07:43:48
528,20151181,profile,cpms/images/horses/profile/20151181-1627058660.jpg,jpg,image/jpeg,11,2021-07-23 07:44:20
530,20180411,profile,cpms/images/horses/profile/20180411-1627059018.jpg,jpg,image/jpeg,11,2021-07-23 07:50:18
531,20160293,profile,cpms/images/horses/profile/20160293-1627059057.jpg,jpg,image/jpeg,11,2021-07-23 07:50:57
532,20161558,profile,cpms/images/horses/profile/20161558-1627059092.jpg,jpg,image/jpeg,11,2021-07-23 07:51:33
533,20170362,profile,cpms/images/horses/profile/20170362-1627059130.jpg,jpg,image/jpeg,11,2021-07-23 07:52:11
534,99990067,profile,cpms/images/horses/profile/99990067-1627059227.jpg,jpg,image/jpeg,11,2021-07-23 07:53:47
535,99990344,profile,cpms/images/horses/profile/99990344-1627059269.jpg,jpg,image/jpeg,11,2021-07-23 07:54:29
536,20142539,profile,cpms/images/horses/profile/20142539-1627059310.jpg,jpg,image/jpeg,11,2021-07-23 07:55:11
537,20120155,profile,cpms/images/horses/profile/20120155-1627059348.jpg,jpg,image/jpeg,11,2021-07-23 07:55:49
538,20151045,profile,cpms/images/horses/profile/20151045-1627059586.jpg,jpg,image/jpeg,11,2021-07-23 07:59:46
539,99990126,profile,cpms/images/horses/profile/99990126-1627059685.jpg,jpg,image/jpeg,11,2021-07-23 08:01:26
541,20140459,profile,cpms/images/horses/profile/20140459-1627059747.jpg,jpg,image/jpeg,11,2021-07-23 08:02:27
542,20151636,profile,cpms/images/horses/profile/20151636-1627059780.jpg,jpg,image/jpeg,11,2021-07-23 08:03:01
544,20181721,profile,cpms/images/horses/profile/20181721-1627059834.jpg,jpg,image/jpeg,11,2021-07-23 08:03:55
545,20181594,profile,cpms/images/horses/profile/20181594-1627059868.jpg,jpg,image/jpeg,11,2021-07-23 08:04:28
546,20092196,profile,cpms/images/horses/profile/20092196-1627059937.jpg,jpg,image/jpeg,11,2021-07-23 08:05:37
547,20141810,profile,cpms/images/horses/profile/20141810-1627059971.jpg,jpg,image/jpeg,11,2021-07-23 08:06:12
548,20160697,profile,cpms/images/horses/profile/20160697-1627060002.jpg,jpg,image/jpeg,11,2021-07-23 08:06:42
549,99990258,profile,cpms/images/horses/profile/99990258-1627060060.jpg,jpg,image/jpeg,11,2021-07-23 08:07:41
550,20131574,profile,cpms/images/horses/profile/20131574-1627060084.jpg,jpg,image/jpeg,11,2021-07-23 08:08:04
551,20122735,profile,cpms/images/horses/profile/20122735-1627060157.jpg,jpg,image/jpeg,11,2021-07-23 08:09:18
552,20162964,profile,cpms/images/horses/profile/20162964-1627060186.jpg,jpg,image/jpeg,11,2021-07-23 08:09:47
553,20141198,profile,cpms/images/horses/profile/20141198-1627060222.jpg,jpg,image/jpeg,11,2021-07-23 08:10:22
554,20122255,profile,cpms/images/horses/profile/20122255-1627060258.jpg,jpg,image/jpeg,11,2021-07-23 08:10:58
555,20151449,profile,cpms/images/horses/profile/20151449-1627060342.jpg,jpg,image/jpeg,11,2021-07-23 08:12:22
556,20151303,profile,cpms/images/horses/profile/20151303-1627060380.jpg,jpg,image/jpeg,11,2021-07-23 08:13:01
557,20100795,profile,cpms/images/horses/profile/20100795-1627060431.jpg,jpg,image/jpeg,11,2021-07-23 08:13:51
558,20122417,profile,cpms/images/horses/profile/20122417-1627060458.jpg,jpg,image/jpeg,11,2021-07-23 08:14:19
559,20141012,profile,cpms/images/horses/profile/20141012-1627060486.jpg,jpg,image/jpeg,11,2021-07-23 08:14:47
560,99990419,profile,cpms/images/horses/profile/99990419-1627060512.jpg,jpg,image/jpeg,11,2021-07-23 08:15:12
561,20141845,profile,cpms/images/horses/profile/20141845-1627060552.jpg,jpg,image/jpeg,11,2021-07-23 08:15:53
562,20161598,profile,cpms/images/horses/profile/20161598-1627403462.jpg,jpg,image/jpeg,11,2021-07-27 07:31:03
563,99990237,profile,cpms/images/horses/profile/99990237-1627403489.jpg,jpg,image/jpeg,11,2021-07-27 07:31:29
564,20172826,profile,cpms/images/horses/profile/20172826-1627403513.jpg,jpg,image/jpeg,11,2021-07-27 07:31:54
565,20162651,profile,cpms/images/horses/profile/20162651-1627403535.jpg,jpg,image/jpeg,11,2021-07-27 07:32:15
566,20163178,profile,cpms/images/horses/profile/20163178-1627403558.jpg,jpg,image/jpeg,11,2021-07-27 07:32:38
567,20161194,profile,cpms/images/horses/profile/20161194-1627403577.jpg,jpg,image/jpeg,11,2021-07-27 07:32:57
568,20161336,profile,cpms/images/horses/profile/20161336-1627403617.jpg,jpg,image/jpeg,11,2021-07-27 07:33:38
569,20121081,profile,cpms/images/horses/profile/20121081-1627403641.jpg,jpg,image/jpeg,11,2021-07-27 07:34:02
570,20170993,profile,cpms/images/horses/profile/20170993-1627403689.jpg,jpg,image/jpeg,11,2021-07-27 07:34:49
571,20171132,profile,cpms/images/horses/profile/20171132-1627403716.jpg,jpg,image/jpeg,11,2021-07-27 07:35:17
572,20180815,profile,cpms/images/horses/profile/20180815-1627403743.jpg,jpg,image/jpeg,11,2021-07-27 07:35:44
573,20170453,profile,cpms/images/horses/profile/20170453-1627403767.jpg,jpg,image/jpeg,11,2021-07-27 07:36:08
574,99990412,profile,cpms/images/horses/profile/99990412-1627403805.jpg,jpg,image/jpeg,11,2021-07-27 07:36:45
575,20171405,profile,cpms/images/horses/profile/20171405-1627403880.jpg,jpg,image/jpeg,11,2021-07-27 07:38:00
576,20180284,profile,cpms/images/horses/profile/20180284-1627403899.jpg,jpg,image/jpeg,11,2021-07-27 07:38:20
577,20171612,profile,cpms/images/horses/profile/20171612-1627403927.jpg,jpg,image/jpeg,11,2021-07-27 07:38:47
578,20143107,profile,cpms/images/horses/profile/20143107-1627403950.jpg,jpg,image/jpeg,11,2021-07-27 07:39:10
579,20170059,profile,cpms/images/horses/profile/20170059-1627403977.jpg,jpg,image/jpeg,11,2021-07-27 07:39:38
580,20141441,profile,cpms/images/horses/profile/20141441-1627404004.jpg,jpg,image/jpeg,11,2021-07-27 07:40:05
581,20150068,profile,cpms/images/horses/profile/20150068-1627404045.jpg,jpg,image/jpeg,11,2021-07-27 07:40:46
583,20130951,profile,cpms/images/horses/profile/20130951-1627404109.jpg,jpg,image/jpeg,11,2021-07-27 07:41:49
584,20111018,profile,cpms/images/horses/profile/20111018-1627404143.jpg,jpg,image/jpeg,11,2021-07-27 07:42:23
585,20131958,profile,cpms/images/horses/profile/20131958-1627404165.jpg,jpg,image/jpeg,11,2021-07-27 07:42:46
586,20152057,profile,cpms/images/horses/profile/20152057-1627404211.jpg,jpg,image/jpeg,11,2021-07-27 07:43:31
587,20150553,profile,cpms/images/horses/profile/20150553-1627404234.jpg,jpg,image/jpeg,11,2021-07-27 07:43:54
588,20151414,profile,cpms/images/horses/profile/20151414-1627404265.jpg,jpg,image/jpeg,11,2021-07-27 07:44:26
589,20172917,profile,cpms/images/horses/profile/20172917-1627404325.jpg,jpg,image/jpeg,11,2021-07-27 07:45:25
590,20170584,profile,cpms/images/horses/profile/20170584-1627404381.jpg,jpg,image/jpeg,11,2021-07-27 07:46:22
591,20120660,profile,cpms/images/horses/profile/20120660-1627404427.jpg,jpg,image/jpeg,11,2021-07-27 07:47:08
592,20170180,profile,cpms/images/horses/profile/20170180-1627404453.jpg,jpg,image/jpeg,11,2021-07-27 07:47:33
593,20170206,profile,cpms/images/horses/profile/20170206-1627404480.jpg,jpg,image/jpeg,11,2021-07-27 07:48:00
594,20171298,profile,cpms/images/horses/profile/20171298-1627404505.jpg,jpg,image/jpeg,11,2021-07-27 07:48:26
595,20161689,profile,cpms/images/horses/profile/20161689-1627404536.jpg,jpg,image/jpeg,11,2021-07-27 07:48:56
596,20100553,profile,cpms/images/horses/profile/20100553-1627404571.jpg,jpg,image/jpeg,11,2021-07-27 07:49:32
597,20171056,profile,cpms/images/horses/profile/20171056-1627404850.jpg,jpg,image/jpeg,11,2021-07-27 07:54:11
598,20171016,profile,cpms/images/horses/profile/20171016-1627404884.jpg,jpg,image/jpeg,11,2021-07-27 07:54:44
599,99990031,profile,cpms/images/horses/profile/99990031-1627404930.jpg,jpg,image/jpeg,11,2021-07-27 07:55:31
600,20182495,profile,cpms/images/horses/profile/20182495-1627405079.jpg,jpg,image/jpeg,11,2021-07-27 07:57:59
601,20170433,profile,cpms/images/horses/profile/20170433-1627405113.jpg,jpg,image/jpeg,11,2021-07-27 07:58:34
602,99990264,profile,cpms/images/horses/profile/99990264-1627405153.jpg,jpg,image/jpeg,11,2021-07-27 07:59:14
603,20171905,profile,cpms/images/horses/profile/20171905-1627405280.jpg,jpg,image/jpeg,11,2021-07-27 08:01:21
604,99990284,profile,cpms/images/horses/profile/99990284-1627405328.jpg,jpg,image/jpeg,11,2021-07-27 08:02:09
605,20172866,profile,cpms/images/horses/profile/20172866-1627405424.jpg,jpg,image/jpeg,11,2021-07-27 08:03:44
606,99990283,profile,cpms/images/horses/profile/99990283-1627405479.jpg,jpg,image/jpeg,11,2021-07-27 08:04:39
607,20180491,profile,cpms/images/horses/profile/20180491-1627405505.jpg,jpg,image/jpeg,11,2021-07-27 08:05:06
608,20180502,profile,cpms/images/horses/profile/20180502-1627405534.jpg,jpg,image/jpeg,11,2021-07-27 08:05:35
609,99990416,profile,cpms/images/horses/profile/99990416-1627405555.jpg,jpg,image/jpeg,11,2021-07-27 08:05:55
610,99990417,profile,cpms/images/horses/profile/99990417-1627405582.jpg,jpg,image/jpeg,11,2021-07-27 08:06:23
611,99990267,profile,cpms/images/horses/profile/99990267-1627405611.jpg,jpg,image/jpeg,11,2021-07-27 08:06:51
612,20161992,profile,cpms/images/horses/profile/20161992-1627405811.jpg,jpg,image/jpeg,11,2021-07-27 08:10:11
613,20152764,profile,cpms/images/horses/profile/20152764-1627405916.jpg,jpg,image/jpeg,11,2021-07-27 08:11:56
614,20161896,profile,cpms/images/horses/profile/20161896-1627405952.jpg,jpg,image/jpeg,11,2021-07-27 08:12:33
615,20162040,profile,cpms/images/horses/profile/20162040-1627405984.jpg,jpg,image/jpeg,11,2021-07-27 08:13:05
616,99990086,profile,cpms/images/horses/profile/99990086-1627406183.jpg,jpg,image/jpeg,11,2021-07-27 08:16:23
617,20180168,profile,cpms/images/horses/profile/20180168-1627406204.jpg,jpg,image/jpeg,11,2021-07-27 08:16:45
618,20180062,profile,cpms/images/horses/profile/20180062-1627406239.jpg,jpg,image/jpeg,11,2021-07-27 08:17:20
619,20133689,profile,cpms/images/horses/profile/20133689-1627406681.jpg,jpg,image/jpeg,11,2021-07-27 08:24:41
620,20162186,profile,cpms/images/horses/profile/20162186-1627406742.jpg,jpg,image/jpeg,11,2021-07-27 08:25:43
621,20141274,profile,cpms/images/horses/profile/20141274-1627406820.jpg,jpg,image/jpeg,11,2021-07-27 08:27:01
622,20142579,profile,cpms/images/horses/profile/20142579-1627406859.jpg,jpg,image/jpeg,11,2021-07-27 08:27:40
623,20100215,profile,cpms/images/horses/profile/20100215-1627406901.jpg,jpg,image/jpeg,11,2021-07-27 08:28:21
624,99990291,profile,cpms/images/horses/profile/99990291-1627406948.jpg,jpg,image/jpeg,11,2021-07-27 08:29:09
625,99990409,profile,cpms/images/horses/profile/99990409-1627406991.jpg,jpg,image/jpeg,11,2021-07-27 08:29:51
626,99990410,profile,cpms/images/horses/profile/99990410-1627407064.jpg,jpg,image/jpeg,11,2021-07-27 08:31:05
627,20152113,profile,cpms/images/horses/profile/20152113-1627407103.jpg,jpg,image/jpeg,11,2021-07-27 08:31:43
628,20162075,profile,cpms/images/horses/profile/20162075-1627407144.jpg,jpg,image/jpeg,11,2021-07-27 08:32:25
629,20172013,profile,cpms/images/horses/profile/20172013-1627407207.jpg,jpg,image/jpeg,11,2021-07-27 08:33:27
630,20132011,profile,cpms/images/horses/profile/20132011-1627407253.jpg,jpg,image/jpeg,11,2021-07-27 08:34:14
631,20161785,profile,cpms/images/horses/profile/20161785-1627407274.jpg,jpg,image/jpeg,11,2021-07-27 08:34:34
632,99990111,profile,cpms/images/horses/profile/99990111-1627407304.jpg,jpg,image/jpeg,11,2021-07-27 08:35:05
633,20172679,profile,cpms/images/horses/profile/20172679-1627407363.jpg,jpg,image/jpeg,11,2021-07-27 08:36:04
634,20140797,profile,cpms/images/horses/profile/20140797-1627407412.jpg,jpg,image/jpeg,11,2021-07-27 08:36:53
636,20171187,profile,cpms/images/horses/profile/20171187-1627407609.jpg,jpg,image/jpeg,11,2021-07-27 08:40:10
637,20171187,profile,cpms/images/horses/profile/20171187-1627407609.jpg,jpg,image/jpeg,11,2021-07-27 08:40:10
638,20152299,profile,cpms/images/horses/profile/20152299-1627407736.jpg,jpg,image/jpeg,11,2021-07-27 08:42:17
640,99990059,profile,cpms/images/horses/profile/99990059-1627407814.jpg,jpg,image/jpeg,11,2021-07-27 08:43:34
641,20150073,profile,cpms/images/horses/profile/20150073-1627407951.jpg,jpg,image/jpeg,11,2021-07-27 08:45:52
642,20171738,profile,cpms/images/horses/profile/20171738-1627408025.jpg,jpg,image/jpeg,11,2021-07-27 08:47:06
643,20181236,profile,cpms/images/horses/profile/20181236-1627408099.jpg,jpg,image/jpeg,11,2021-07-27 08:48:20
644,20112333,profile,cpms/images/horses/profile/20112333-1627408165.jpg,jpg,image/jpeg,11,2021-07-27 08:49:26
645,20181589,profile,cpms/images/horses/profile/20181589-1627408200.jpg,jpg,image/jpeg,11,2021-07-27 08:50:00
646,99990407,profile,cpms/images/horses/profile/99990407-1627408225.jpg,jpg,image/jpeg,11,2021-07-27 08:50:25
647,99990405,profile,cpms/images/horses/profile/99990405-1627408302.jpg,jpg,image/jpeg,11,2021-07-27 08:51:42
648,20103918,profile,cpms/images/horses/profile/20103918-1627408330.jpg,jpg,image/jpeg,11,2021-07-27 08:52:11
649,20161189,profile,cpms/images/horses/profile/20161189-1627408356.jpg,jpg,image/jpeg,11,2021-07-27 08:52:37
650,20171556,profile,cpms/images/horses/profile/20171556-1627408378.jpg,jpg,image/jpeg,11,2021-07-27 08:52:58
651,20163158,profile,cpms/images/horses/profile/20163158-1627408398.jpg,jpg,image/jpeg,11,2021-07-27 08:53:19
652,99990406,profile,cpms/images/horses/profile/99990406-1627408420.jpg,jpg,image/jpeg,11,2021-07-27 08:53:41
653,20142928,profile,cpms/images/horses/profile/20142928-1627408442.jpg,jpg,image/jpeg,11,2021-07-27 08:54:02
654,99990404,profile,cpms/images/horses/profile/99990404-1627408462.jpg,jpg,image/jpeg,11,2021-07-27 08:54:22
655,20152466,profile,cpms/images/horses/profile/20152466-1627408479.jpg,jpg,image/jpeg,11,2021-07-27 08:54:40
657,20180320,profile,cpms/images/horses/profile/20180320-1627578724.jpg,jpg,image/jpeg,11,2021-07-29 08:12:05
658,20170408,profile,cpms/images/horses/profile/20170408-1627578810.jpg,jpg,image/jpeg,11,2021-07-29 08:13:30
659,20172871,profile,cpms/images/horses/profile/20172871-1627578872.jpg,jpg,image/jpeg,11,2021-07-29 08:14:33
660,20181807,profile,cpms/images/horses/profile/20181807-1627578947.jpg,jpg,image/jpeg,11,2021-07-29 08:15:48
661,20181034,profile,cpms/images/horses/profile/20181034-1627579022.jpg,jpg,image/jpeg,11,2021-07-29 08:17:03
662,20162873,profile,cpms/images/horses/profile/20162873-1627579076.jpg,jpg,image/jpeg,11,2021-07-29 08:17:56
663,20172144,profile,cpms/images/horses/profile/20172144-1627579188.jpg,jpg,image/jpeg,11,2021-07-29 08:19:49
665,20180971,profile,cpms/images/horses/profile/20180971-1627579342.jpg,jpg,image/jpeg,11,2021-07-29 08:22:22
668,20161538,profile,cpms/images/horses/profile/20161538-1627579576.jpg,jpg,image/jpeg,11,2021-07-29 08:26:16
670,20180577,profile,cpms/images/horses/profile/20180577-1627579938.jpg,jpg,image/jpeg,11,2021-07-29 08:32:18
671,20181327,profile,cpms/images/horses/profile/20181327-1627580000.jpg,jpg,image/jpeg,11,2021-07-29 08:33:21
672,20182273,profile,cpms/images/horses/profile/20182273-1627580112.jpg,jpg,image/jpeg,11,2021-07-29 08:35:13
674,20160415,profile,cpms/images/horses/profile/20160415-1627580316.jpg,jpg,image/jpeg,11,2021-07-29 08:38:37
675,20161452,profile,cpms/images/horses/profile/20161452-1627580382.jpg,jpg,image/jpeg,11,2021-07-29 08:39:43
676,20181716,profile,cpms/images/horses/profile/20181716-1627580456.jpg,jpg,image/jpeg,11,2021-07-29 08:40:57
677,20182460,profile,cpms/images/horses/profile/20182460-1627580538.jpg,jpg,image/jpeg,11,2021-07-29 08:42:18
